text,cluster
" Ottawa Says Time to Stop Protecting Air Canada

 The Canadian government, in a radical shift, said on Friday it was time to stop protecting national carrier Air Canada as it mulled whether to lift foreign ownership restrictions on the country #39;s airlines.",2
" Wall Street Faces 2 Elections, Not Just 1 (Reuters)

 Reuters - The waiting game for the U.S.\presidential election ends two weeks from Tuesday -- but then\investors can turn over the timer and start again.",2
" White House Rejects Trade Case Vs. China (AP)

 AP - The Bush administration on Friday rejected a request from 30 members of Congress that it bring a World Trade Organization case against China charging the Asian nation with manipulating its currency to gain unfair trade advantages against the United States.",2
" BA launches inquiry

 The chief executive of British Airways, Rod Eddington, says he will carry out an investigation into the staff shortages that caused flight cancellations this week.",2
" Technology ; Fans Throng for First Crack at New Game  #39;Halo 2 #39;

 Technology News, LOS ANGELES - It takes a special kind of person to stay up all night and stand in a line nearly 250 people long just to buy a video game -- but for rabid fans of the first  quot;Halo quot; on the Xbox video game console, it was well worth the wait ",2
" UPDATE 2-Blockbuster cuts online price, challenges Netflix

 Video chain Blockbuster Inc (BBI.N: Quote, Profile, Research) on Friday said it would lower the price of its online DVD rentals to undercut a similar move by Netflix Inc.",2
" Learning to Search for Life on Mars with the Atacama Rover

 Ames Research Center -- A dedicated team of scientists is spending the next four weeks in northern Chile's Atacama Desert. They are studying the scarce life that exists there and, in the process, helping NASA learn more about how primitive life forms could exist on Mars...",0
" Spotlight shines on quarterbacks

 They couldn't be more different. One is the prototype quarterback, seemingly built using the create-a-player function from a video game, standing tall in the pocket and firing laser beams across the field.",1
" BBC reporters' log

 BBC correspondents record events in the Middle East and their thoughts as the funeral of the Palestinian leader Yasser Arafat takes place.",0
" PeopleSoft Denies Execs Visited Oracle (Reuters)

 Reuters - PeopleSoft Inc.  on Tuesday\denied an analyst report that its executives recently met with\Oracle Corp. , the rival software vendor that last year\launched a hostile bid for PeopleSoft.",2
" Employers Add 112,000 New Jobs in Nov.

 Employers slowed their hiring as they headed into the holiday shopping season, adding just 112,000 new jobs in November for the weakest gain in five months.",2
" Yankees Seek to Keep Pitcher Jon Lieber (AP)

 AP - After watching their starting pitchers struggle for much of the season, the New York Yankees would like to bring Jon Lieber back for 2005.",1
" Nebraska holds on for victory

 Nebraska capitalized on four Pittsburgh turnovers and batted down a pass in the end zone on the game's final play yesterday to preserve a 24-17 win in the first meeting of the teams since 1958.",1
" Rebels return to 'cleared' areas

 In Fallujah, US forces are going through 50,000 houses one by one. But insurgents are coming back.",0
" Yukos executives 'flee' Russia

 All the top executives at Russian oil giant Yukos have fled the country in fear of arrest as the government seeks to sell off its main asset.",0
" At least 90 dead, 77 missing in China rainstorms

 BEIJING : At least 90 people were killed and 77 were missing in torrential storms lashing southwest China, disaster relief officials said.",0
" Brazilian Soldier Wounded in Haiti Unrest

 &lt;p&gt;&lt;/p&gt;&lt;p&gt; By Joseph Guyler Delva&lt;/p&gt;&lt;p&gt; GONAIVES, Haiti (Reuters) - A Brazilian soldier with theU.N. peacekeeping force in Haiti was shot and wounded Saturdaywhen peacekeepers and local police faced gunfire in a crackdownon armed gangs in the Haitian capital.&lt;/p&gt;",0
" Former star Murphy testifies in sex assault trial

 HOUSTON - Taking the stand in his own defense, Hall of Fame basketball player Calvin Murphy denied allegations that he sexually abused five of his 10 daughters.",1
" Does Tsvangirai outcome suit Mugabe?

 On hearing the verdict there was a broad smile from Morgan Tsvangirai, applause from his supporters and tears of relief from his veteran attorney.",0
" Indian Central Bank Raises Key Rate to Curb Prices (Update2)

 India #39;s central bank unexpectedly raised a key interest rate for the first time in four years, saying record oil prices and rising corporate demand for credit threaten to fuel inflation.",2
" HP cues iPod

 Hewlett-Packard brands its own version of Apple's music player and introduces a line of consumer products.",2
" Tennis Masters - Houston USA

 Though Tim Henman may be considerably more senior than some of his more illustrious opponents at this weeks Tennis Masters Cup, he isnt quite old enough to recall the Apollo programmes famous moon shots and the sound of Mission Control at Houston ",1
" US to support democracy

 WASHINGTON, Sept 18: The United States has said that it would reiterate its support for a  #39;fully functioning #39; democracy in Pakistan if the issue of President Pervez Musharraf keeping or giving ",0
" Stocks Drop on \$49 Oil, Slowing Economy

  NEW YORK (Reuters) - U.S. blue-chip stocks fell  on  Thursday to nearly a five-week low as crude oil touched \$49 a  barrel, close to the record set last month, and a key gauge of  future economic activity fell for a third straight month.",2
" Explosion Rocks Baghdad Neighborhood

 BAGHDAD, Iraq, August 24 -- A car bomb exploded near the gate of a US-funded Iraqi television network in Baghdad on Tuesday, killing at least two people and wounding two others, authorities and witnesses said.",0
" Annan asks China to play a bigger role

 UN Secretary-General Kofi Annan told university students in Beijing Monday that China should play a bigger role in global development and world peace.",0
" Militants Kidnap Relatives of Iraqi Minister-TV

 Militants have kidnapped two relatives of Iraqi Defense Minister Hazim al-Shalaan and demanded US forces leave the holy city of Najaf, Al Jazeera television reported Wednesday.",0
" News: 'Electronic Jihad' fails to materialise

 Rumours that the Internet would witness a sustained and devastating cyber-attack by Islamic ""cyber-terrorists"" today have turned out to be completely baseless.\",0
" Copter crash kills cleric

 ATHENS -- The Christian Orthodox Patriarch of Alexandria was killed yesterday after an army helicopter transporting him and his entourage to a monastic enclave in northern Greece crashed into the sea, according to government and church officials.",0
" Lennar Profit Up 12 Pct, Shares Fall

 Home builder Lennar Corp. (LEN.N: Quote, Profile, Research) on Monday reported a 12 percent rise in quarterly profit and raised its forecasts for the current and following year, citing a stable economy.",2
" Bank of Montreal to acquire Indiana-based institution

 Toronto (Dow Jones) -- Bank of Montreal on Wednesday said it agreed to acquire Mercantile Bancorp Inc. for \$156.5 million as it moves to expand in the Midwest region of the United States.",2
" Man Guilty in Death of Olympian #39;s Brother

 LOCK HAVEN, Pa. Oct. 14, 2004 - A former college football player was convicted of murder Thursday in the beating death of the brother of Olympic wrestler Sara McMann.",1
" Mozilla backtracks in eBay privacy flap

 The Mozilla Foundation has updated the German-language version of Firefox in a bid to defuse a growing controversy over the way its search toolbar handles private customer data.",2
" Samsung Faces Concerns Over Margins

  SEOUL (Reuters) - Concern over falling profit margins at  Samsung Electronics Co. Ltd. grew on Thursday as the company  said it was spending more on handset marketing and a top broker  issued a ""sell"" rating on its stock for the first time in  years.",2
" Report: Pennington Set to Sign Extension with Jets (Reuters)

 Reuters - The New York Jets and\quarterback Chad Pennington are close to a deal that would make\the quarterback the highest- paid player in franchise history.",1
" Amazon.com, Microsoft sue spammers,  #39;phishers #39;

 Amazon.com Inc. and Microsoft Corp. have filed several lawsuits in various Seattle courts aimed at computer spammers and  quot;phishers quot; who use a look-alike Amazon.",2
" Election Overseers Want Big Win

 Administrators are hoping that the victor in this year's presidential election will win by a wide margin. A close race, they fear, will result in more charges of voter fraud and demands for recounts. Kim Zetter reports from Washington.",0
" Administration ignores global warming warnings

 Yes, we know you don #39;t like that news, but it #39;s science - good science from what we can tell. A new four-year international report by 300 scientists from the United States and seven other countries that was ",0
" China Pledges Stable Policies

  BEIJING (Reuters) - Chinese leaders closed a key economic  meeting on Sunday with pledges to maintain stable fiscal and  monetary policies in 2005 and keep a tight lid on fixed-asset  investment, state radio said.",0
" NCAA denies reinstatement request for Mike Williams

 The NCAA refused to reinstate Southern California All-American Mike Williams on Thursday, leaving the star receiver unable to rejoin the top-ranked Trojans after being shut out of the NFL draft by the courts.",1
" Henman gains Masters place

 What had appeared a potentially awkward couple of days for Tim Henman were transformed into sweetness and light yesterday morning when he qualified for the eight-man end-of-season Masters Cup in Houston in a fortnight #39;s time without the need to win a ",1
" Briefly: Piracy crackdown yields \$2.2 million

 roundup Plus: Sun draws Nvidia graphics into Solaris...Tibco scoops up software company...PeopleSoft extends customer assurance.",2
" Greek, British Police Break Illegal Software Ring

  ATHENS (Reuters) - Greek and British police in a joint  operation cracked a multi-million illegal software sales ring,  arresting two people and seizing thousands of pirate high-tech  software programs, Greek police said on Friday.",2
" Coke is it: BHP coal to double

 BHP Billiton plans an aggressive \$US1.5-2 billion (\$2.1-2.8 billion) near-doubling of its coking coal production over the next five years to meet the China-inspired surge in demand for carbon steel-making materials through mine expansions and developments ",2
" Revlon 3rd-Quarter Loss Widens

  CHICAGO (Reuters) - Cosmetics maker Revlon Inc. &lt;A HREF=""http://www.investor.reuters.com/FullQuote.aspx?ticker=REV.N target=/stocks/quickinfo/fullquote""&gt;REV.N&lt;/A&gt; on  Wednesday said its third-quarter net loss widened on  refinancing costs and declining sales.",2
" BT will switch its call center network to VoIP

 One challenge will be to link the call center with back-office databases of CRM applications so that agents can see, for example, the identity of the caller and the history of their account.",2
" Gaming Godzillas Prepare for Battle (washingtonpost.com)

 washingtonpost.com - Let the games begin. Not the Olympics again, but the all-out battle between video game giants Sony Corp. and Nintendo Co. Ltd. The two Japanese companies are rolling out new gaming consoles, but Nintendo has beaten Sony to the punch by announcing an earlier launch date for its new hand-held game player.",2
" Francis Makes Magic in Opener

 Steve Francis completed a spectacular debut with a driving layup just before the final horn Monday night, leading the Magic to a 93-92 victory over the Milwaukee Bucks in the NBA season opener for both teams.",1
" Colts carry hot streak into Detroit

 The Indianapolis Colts have been on the fast track since October gave way to November. Thursday in Detroit #39;s Ford Field, they #39;ll share the traditional Thanksgiving Day ",1
" Asteroid Toutatis Makes Closest Pass in 651 Years (Reuters)

 Reuters - An asteroid named for a Celtic god\of war will come as close to Earth this week as it has since\1353.",0
" Microsoft and Sun #39;s difficult dance

 news analysis Microsoft and Sun Microsystems may be going steady, but they aren #39;t quite sure where the relationship is headed.",2
" Fiddling while Madrid burns

 The extraordinary news that Jos Antonio Camacho offered up his resignation on the Sunday after the Espanyol defeat was a fitting end to a fascinating week in La Liga.",1
" HHG gets out of red zone

 AMP spin-off HHG plc has produced a pound stg. 46 million (\$A117 million) profit for the six months to June 30 - a massive turnaround from the pound stg.",2
" Some won, some lost, but Greece triumphed over all

 ATHENS - We owe them an apology, oh yes we do. The Greeks pulled off the Olympic Games after we said they did not have a prayer, and now there #39;s but one way to make it right: The Summer Games belong here ",1
" FireFox better than Internet Explorer

 A recent study done by WestSideStory, a market research firm, present interesting results that show a continuous market share increase in FireFoxs favor.",2
" Frances Damages NASA Space Center (AP)

 AP - Hurricane Frances did more damage to the Kennedy Space Center than any other storm in history, tearing an estimated 1,000 exterior panels from the Vehicle Assembly Building and leaving a checkerboard of holes, officials said Monday.",0
" Kite festival begins as prelude to 350th anniversary of Taj

 Agra, Sep 27. (PTI):A kite festival today began on the banks of the Yamuna river behind the Taj Mahal as a prelude to the 350th anniversary celebrations of the world-famous monument opening this evening.",0
" Ex-NASA Worker Pleads Innocent of Fake Inspections

 A fired NASA safety inspector accused of falsifying space shuttle inspection reports pleaded not guilty to 166 criminal charges on Friday and a trial was tentatively set for Dec. 1.",2
" News: Senior Republican charged in phone jamming plot

 A former Bush campaign official has been charged with plotting to jam the phone networks of political opponents during the November 2002 election.\",0
" US manufacturing activity picks up, construction surges to record &lt;b&gt;...&lt;/b&gt;

 US manufacturing activity remained strong in September and construction spending surged to a record high in August, according to a pair of reports issued Friday that provided an optimistic look at the sturdiness of the economy.",2
" European Shares Tread Water

  LONDON (Reuters) - European shares traded sideways on  Wednesday but banks were a bright spot as Britain's HBOS  rallied on relief it would not be wading into a bidding war for  domestic peer Abbey.",2
" Medical Journal Calls for a New Drug Watchdog

 Medical researchers said the U.S. needs a system independent of the F.D.A. to detect harmful effects of drugs already on the market.",2
" Italian carmaker revels on home course

 MONZA, Italy -- Brazilian Rubens Barrichello led a Ferrari 1-2 in the Italian Grand Prix on Sunday to trigger a homecoming party for the Formula One champions.",1
" Hurtin #39; for certain Grossman injured late in Bears #39; loss to &lt;b&gt;...&lt;/b&gt;

 Player of the game: Minnesota QB Daunte Culpepper passed for 248 yards and two TDs, and also ran for a score. Key stat: The Bears had 14 penalties for 101 yards.",1
" Mutombo says he #39;s being traded to Rockets; will back up, mentor &lt;b&gt;...&lt;/b&gt;

 Dikembe Mutombo, 38, has agreed to a sign-and-trade deal that will send him from the Chicago Bulls to Houston in exchange for Eric Piatkowski, Adrian Griffin and Mike Wilks, the Houston Chronicle reports.",1
" US blames Islamic charities for funding Iraq attacks

 MARK COLVIN: In Baghdad, the family of the kidnapped head of CARE International have pleaded with the British Prime Minister to stop even speaking Margaret Hassan #39;s name.",0
" Congress Puts Hooks in Copyright Crooks

 Congressional lawmakers are taking a cue from Hollywood with an aim to beef up penalties against people who illegally swap copyrighted movies and songs over the Internet. \&lt;FONT face=""verdana,MS Sans Serif,arial,helvetica"" size=""-2""\ color=""#666666""&gt;&lt;B&gt;-washingtonpost.com&lt;/B&gt;&lt;/FONT&gt;",2
" It #39;s on to LA for the Giants

 Bee Staff Writer. SAN DIEGO - The San Diego Padres returned the favor, and the playoff-chasing Giants gladly accepted it before a disappointed record crowd of 45,389 at Petco Park.",1
" God Has 4,000 Loudspeakers; the State Holds Its Ears

 The Egyptian minister of religion decided that one official call to prayer would be broadcast live and carried by all of Cairo's mosques. Many of the faithful objected.",0
" Orgeron to finalize deal with Rebels

 Ed Orgeron, Southern California #39;s assistant head coach and defensive line coach, has agreed to become the new coach at Mississippi, USC athletic department sources have told ESPN.",1
" Chelsea v Porto

 Defender Wayne Bridge is in contention for Chelsea after missing the weekend win at Middlesbrough due to a knock suffered in the draw against Tottenham.",1
" Pope pleads for peace in Iraq

 POPE John Paul today issued a new appeal for peace in Iraq and the Middle East, condemning the  quot;horror quot; of violence as well as  quot;the terrorism that cruelly targets the innocent quot;.",0
" Movie studios sue US, European file-sharing  #39;parasites #39;

 LOS ANGELES - Movie studios have expanded their fight against illegal downloading, suing more than 100 US and European-based computer services that transmit movie files across Internet file-sharing networks.",2
" Colombian Military Kills Militia Leader

 A former U.S.-trained Colombian army officer who later joined an outlawed paramilitary group was killed in a clash with army troops Tuesday, the army said.",0
" Early to rise? Not for UConn

  quot;I think the game played out probably the way I thought it would play out, quot; he said.  quot;I can #39;t say that I #39;m really, really that surprised.",1
" Oil prices up on Yukos woes

 NEW YORK -- Oil prices broke above \$46 yesterday after Russian oil giant Yukos said it would cut some oil shipments to China, the first toll on exports from the company's financial turmoil.",2
" Yukos files for bankruptcy protection in Bush #39;s backyard

 Russian oil giant Yukos yesterday increased the stakes in its battle with the Kremlin when it filed for bankruptcy in the United States in an unusual move possibly intended to pitch Washington against Moscow.",2
" Boxing: Khan will keep feet on ground

 TEENAGE boxing sensation Amir Khan punched is way to an Olympic silver medal yesterday - then worried about his homework and passing his driving test.",1
" Italian troops  #39;to stay in Iraq #39;

 Italy says it has no intention of withdrawing its 3,000 troops from Iraq in the face of demands from kidnappers who have seized an Italian journalist.",0
" Rescue mission for The Rocket

 Not that the Astros were tight heading home down 0-2 to the Cardinals, but knowing Roger Clemens would be taking the mound for Saturday #39;s Game 3 of the National League Championship Series had to be a comforting thought.",1
" Twinkies maker in crisis

 There #39;s an old saying in the business world when a sale seems all but assured: It was as easy as selling Hostess Twinkies. That may no longer be true.",2
" Dollar hits new low on Snow speech

 The United States supports a  quot;strong dollar, quot; Treasury Secretary John Snow said, while suggesting the Bush administration will not act to boost its value. His comments sent the currency plunging to a record low against the euro.",2
" Fossil Indicates Brown Bears Went South

 CALGARY, Alberta - A fossilized jaw found in an Alberta gravel pit may have cleared up a mystery for researchers wondering how brown bears originally made it across North America.",2
" Judge Declines to Dismiss Pollution Suit (AP)

 AP - A federal judge on Monday refused to dismiss a lawsuit accusing a Canadian mining company of polluting the Columbia River with heavy metals for decades.",2
" Falluja troops under heavy fire

 US marines in Falluja have come under sustained attack from several different directions in the headquarters they have set up in the Iraqi city.",0
" Nigerian Unions Launch Strike But Oil Exports Flow

 Unions began a four-day strike against rising fuel prices in Nigeria on Monday, helping drive world oil prices to record highs even though shipments from Africa #39;s top producer were unaffected.",2
" The IPod's New Trick: Photo Show

 The iPod Photo looks and feels exactly like the existing iPod -- except it can display your photos on a bright screen. Should you buy it?",2
" Blunkett is expected to resign

 Home Secretary David Blunkett is expected to quit on Wednesday, BBC political editor Andrew Marr has said. The news comes amid claims he misused his office to fast-track a visa for his former lover #39;s nanny.",0
" Iraqis flock to shrine after deal

 Thousands of Iraqis walk through Najaf to the city's great shrine as a peace deal takes effect.",0
" U.S. Stocks Slip as Profit Warnings Weigh

  NEW YORK (Reuters) - U.S. stocks slipped on Wednesday after  several companies issued profit warnings, while Fed Chairman  Alan Greenspan's remarks that the economy was pulling out of a  summer soft patch did little to quell expectations for a rate  hike later this month.",2
" New technique to enhance semiconductors

 Conventional silicon based microchips have been known to be problematic at high temperatures, often due to heat generated by the circuit within while operating at high frequencies.",2
" She #39;s Archie in doubt for cup

 Last year #39;s Melbourne Cup runner-up She #39;s Archie is in grave doubt to take her place in this year #39;s field after missing trackwork yesterday morning because of  quot;general soreness quot;.",1
" Will Microsoft Lose The Browser Wars?

 Will Microsoft Lose The Browser Wars?\\Until recently, software giant, Microsoft's Internet Explorer Web browser enjoyed a relatively unchallenged position as the most popular Web browser in the world.\\Despite lawsuits and charges of unfair competition from the likes of Netscape and others, Microsoft dominates browser software with over 90 market share.\\Microsoft's ...",2
" Turnovers cost Bengals in tough loss

 To beat the defending Super Bowl champion New England Patriots anywhere, let alone at Gillette Stadium, it takes a spotless effort.",1
" Study May ID Source of Vioxx Problem

 Nov. 11, 2004 -- A private research team claims to have identified a unique action of the painkiller Vioxx, which is independent of its anti-inflammatory action, that might explain why it #39;s linked to heart ",2
" O #39;Keefe to meet on Thursday with LSU chancellor search committee

 The head of the nation #39;s space program will interview for the job as chancellor of LSU this week. NASA Administrator Sean O #39;Keefe, who has ties to Louisiana, has been recruited by LSU officials ",1
" Bengals finish strong

 BALTIMORE -- First, Carson Palmer tossed the ball all over the field during his finest day in the NFL.",1
" PluggedIn: Lost? Your Phone Knows a Way Out (Reuters)

 Reuters - Back when everyone\believed the world was flat, people thought these rocky shores\on Spain's windswept ""coast of death"" were the end of the\world. In today's world, you only need a mobile phone to get\there ... and back.",0
" Half-Life 2 users bitten by bugs

 Several Half-Life 2 users who finally got the long-delayed game into their hands yesterday got exactly what they didn #39;t want--more delays.",2
" Firefox Browser On An Upward Trend

 carbolic writes  quot;The Firefox browser is ramping up as fast as Internet Explorer is ramping down. According to these stats posted from the Engadget logfiles, IE has dropped to 57 of all browsers used to visit ",2
" Anwar supporters defy police ban to welcome him home to Malaysia

 KUALA LUMPUR : Hundreds of supporters defied a police ban to welcome former deputy prime minister Anwar Ibrahim at the airport on his arrival home after back surgery in Germany.",0
" Leading Cuban Dissident Writer Freed

 Cuba #39;s communist government freed dissident writer Raul Rivero from prison Tuesday, the latest in a series of releases apparently aimed at cleaning up the island #39;s human rights record.",0
" Gartner optimistic about chip numbers

 But that optimism isn #39;t matched by Infineon, which said that while the market worldwide remains buoyant, the US is a special case and cautioned that growth might not be as strong as it expected.",2
" Brazilian striker dies during Indian club match

 Brazilian striker Cristiano de Lima Jr died yesterday after collapsing on the field during a domestic club tournament in the southern Indian city of Bangalore.",1
" Third Quarter Gannett Earns Up 11 Percent

 NEW YORK - Gannett Co., the largest newspaper publisher in the country, reported an 11 percent increase in third-quarter earnings Tuesday on gains in advertising, particularly classified real estate and help-wanted ads.",2
" Cricket: Warne back to face NZ

 Australia's Darren Lehmann and Shane Warne return to take on New Zealand.",1
" Five Cities to Make Olympic Presentations (AP)

 AP - IOC president Jacques Rogge said the five cities bidding for the 2012 Olympics accepted his advice and agreed to stop complaining about each other.",0
" Morgan Stanley cracks in 3Q

 Investment bank misses estimates as trading income plunges, other units fail to pick up the slack. By Rob Cox, Breakingviews. LONDON (Breakingviews) - Morgan Stanley is the first to slip.",2
" No Urban renewal for fading Notre Dame

 NEW YORK - When Notre Dame fired Tyrone Willingham earlier this week, there was a strong feeling among certain influential Board of Trustees members that the university had to move immediately or risk losing coveted Utah coach Urban Meyer to another school ",1
" Concert blast investigated

 ISTANBUL, Turkey Turkish authorities say a grenade might have caused last night #39;s explosion that injured at least 13 people attending a pop concert.",0
" FT gets Collins Stewart claim struck out

 The Financial Times today won its action to strike out a record 230.5m libel damages claim from City brokers Collins Stewart that could have closed down the pink paper.",2
" Fears grow for Falluja civilians

 Iraqis trapped in the besieged rebel city of Falluja face a humanitarian disaster, aid agencies warn.",0
" NFL Game Summary - Kansas City at New Orleans

 Tight end Tony Gonzalez caught six passes for 71 yards for the Chiefs, who have scored 38 points on their initial drive of the game this season...Safety Jay Bellamy and Fakhir Brown each made nine tackles for the Saints, whose last home win over Kansas ",1
" 'Dream Team' Out of Gold Race After Loss to Argentina

  ATHENS (Reuters) - The U.S. men's basketball team was  beaten by Argentina and booed off the court by the crowd on  Friday as it was denied an Olympic gold medal for the first  time since 1992 when NBA players started competing.",1
" Court Votes to Strip Pinochet of Immunity

 An appeals court ruled Thursday to strip former dictator Gen. Augusto Pinochet of immunity from prosecution for a 1974 car bombing that killed an exiled Chilean general and the man's wife.",0
" US rocket team halfway to winning \$10-million prize

 MOJAVE, CALIF. - A privately built and operated spacecraft roared out of the atmosphere on Wednesday with a historic flight that brings the team one step closer to winning a \$10-million US prize.",1
" Asian telecom firms come together

 Seven Asian telecommunications firms are coming together to invest between \$30m and \$40m (16.3m and 22m) in new mobile phone services and technology.",2
" Plan unveiled to ease Iraq debt

 Germany has unveiled an international plan to wipe out tens of billions of dollars of Iraqi debt so that the war-torn country can rebuild in earnest.",0
" Microsoft investigates Windows Server flaw

 Microsoft is investigating a security flaw in Windows server software that could allow an attacker to gain complete control over systems running the software, the company said.",2
" A cure for shortage?

 It #39;s too late for this year #39;s flu season, but a Canadian drug company yesterday said it has agreed to provide influenza vaccines to Henry Schein Inc.",2
" Jitters before assault wearing on soldiers

 NEAR FALLUJAH, Iraq -- The hulks of the 69-ton M1A1 Abrams tanks were barely visible on the dark desert plain, but the rumble of their engines filled the night.",0
" Jeremy Warner #39;s Outlook: Is anyone safe as Spitzer takes aim at &lt;b&gt;...&lt;/b&gt;

 Is no one safe from Eliot Spitzer #39;s accusing finger? After the investment banking, fund management and pharmaceuticals industries comes the insurance sector, which in a suit filed by the New York attorney ",2
" ONGC #39;s 10th acquisition abroad

 ONGC Videsh Ltd, the overseas arm of state-run Oil and Natural Gas Corp, has acquired a majority stake in an oil block in Australia.",2
" JETS STARRING IN  #39;SURVIVOR #39;

 With Quincy Carter filling in for the injured Chad Pennington, the Jets #39; season is far from over. Just listen to the TV football experts.",1
" Team as we know it is history

 The news comes fast and furious. Pedro Martinez goes to Tampa to visit George Steinbrenner. Theo Epstein and John Henry go to Florida for their turn with Pedro. Carl Pavano comes to Boston to visit Curt Schilling. Jason Varitek says he's not a goner. Derek Lowe is a goner, but he says he wishes it could be different. Orlando Cabrera ...",1
" Vodafone 'OKs Verizon Sprint bid'

 US telecoms firm Verizon is reported to have won the backing of mobile partner Vodafone for a bid for US rival Sprint.",2
" Yankees beat Twins 6-to-5

 The New York Yankees beat the Twins 6-to-5 Saturday to advance to the AL Championship. They will play the Boston Red Sox. Ruben Sierra hit a three-run homer in the eighth inning.",1
" US bolsters force for Afghan poll

 The US is to send up to 1,100 extra troops to Afghanistan to provide security for next month's elections.",0
" Senate Wants Intel Chief With Budget Say (AP)

 AP - The committee writing the Senate's intelligence reorganization plan is recommending creation of a strong national intelligence director with spending power, while leaving the Pentagon in charge of some military spy agencies.",2
" KPMG Units Agree to Pay to Settle Malpractice Suits

 The American and Belgian arms of KPMG International, a global accounting cooperative based in Switzerland, have agreed to pay \$115 million to settle claims of accounting malpractice growing ",2
" Oracle #39;s next fight seen at boardroom

 LOS ANGLES (CBS.MW) - Following its latest rejection, the next stage in Oracle Corp #39;s battle to buy PeopleSoft is set to begin in a courtroom on Wednesday.",2
" James fumbles away Colts #39; chances

 Not once, but twice Edgerrin James thought that his knee had touched the ground, that he had put the Indianapolis Colts in a position to score points.",1
" Rentokil rules out break-up

 Rentokil Initial, supplier of services ranging from security guards and pest control to conferences and exotic plants, has ruled out breaking itself up, despite tumbling profits and a swirl of takeover speculation.",2
" U.S. groups accuse China of failing to stop intellectual property abuses (Canadian Press)

 Canadian Press - BEIJING (AP) - Adding to pressure for China to stop rampant product piracy, two major U.S. business groups complained Thursday that abuses are getting worse and warned that lack of patent and copyright protection is hurting high-tech investment.",2
" Mercent to help Guess sell on Amazon

 E-commerce Web services specialist is helping retailers take the guesswork out of setting up shop on Amazon.",2
" Video game giants roll out products

 Nintendo Co. and Sony Corp. made separate product announcements Tuesday that the video game giants hope will attract more customers ahead of the highly competitive holiday shopping season.",2
" HK legislative poll points to the future

 When the British ruled Hong Kong, as pro-Beijing politicians are fond of pointing out, the territory #39;s people had no direct influence over the way they were governed.",0
" Inputs are dangerous

 Well, it #39;s  quot;Patch Day Tuesday quot; again, and Microsoft just released another raft of security bulletins. We got ten bulletins this time, but that amounts to something upwind of 20 separate vulnerabilities ",2
" VW and unions begin a new round of talks

 HANNOVER, Germany Senior negotiators from Volkswagen and its main union entered another round of negotiations on Tuesday as they worked to reach a cost-cutting contract and head off the first comprehensive strike at the automaker #39;s factories in western ",2
" US Newspapers and their Audience

 USA Today is read by people who think they ought to run the country but dont really understand the Washington Post. They do, however, like their smog statistics shown in pie charts.",0
" US Stocks Up Slightly After Ford Forecast

  NEW YORK (Reuters) - U.S. blue chips edged higher on   Friday after Ford Motor Co. &lt;A HREF=""http://www.investor.reuters.com/FullQuote.aspx?ticker=F.N target=/stocks/quickinfo/fullquote""&gt;F.N&lt;/A&gt; raised its earnings  forecasts, but wireless technology provider Qualcomm Inc.  &lt;A HREF=""http://www.investor.reuters.com/FullQuote.aspx?ticker=QCOM.O target=/stocks/quickinfo/fullquote""&gt;QCOM.O&lt;/A&gt; held back the Nasdaq after saying an accounting review  may reduce pretax income.  ",2
" Vodafone Peddles New BlackBerry

 Research In Motion #39;s BlackBerry 7100v, which sports the company #39;s latest keyboard technology, is being offered exclusively through Vodafone.",2
" Cryptic responds!

 As reported by The Associated Press, Marvel Enterprises Inc. and Marvel Characters, Inc. have sued NCsoft Corporation and Cryptic Studios.",2
" Chechen capital empties ahead of election to replace slain leader (AFP)

 AFP - Chechnya's capital Grozny emptied as residents fearing rebel raids fled a day before an election to replace their slain pro-Moscow leader.",0
" ING Names Business Units in Trade Woes

 ING Groep NV has disclosed new details of trading improprieties in its mutual funds and variable-insurance products, but research firm Morningstar Inc.",2
" General Wireless #39; Technology Opens up New Ways for PC Users to &lt;b&gt;...&lt;/b&gt;

 STOCKHOLM, Sweden, October 11 /PRNewswire/ -- Following an agreement between Vodafone UK, Starhome and General Wireless, Vodafone #39;s business customers can now send and receive text messages (SMS) in their MS-Outlook and Lotus Notes.",2
" U.S. Oil Clings Near \$47

  SINGAPORE (Reuters) - U.S. oil prices hovered near \$47 a  barrel on Wednesday, awaiting data that was expected to show a  big drop in fuel stocks in the United States due to  weather-related disruptions to output and shipments.",2
" GE to sell 60 of Indian BPO operation

 GE is selling a 60 stake in GE Capital International Services, its business process outsourcing subsidiary in India, for about \$500 million.",2
" NL notables

 Montreal's Tony Armas Jr. was a late scratch for his start at Philadelphia because of tendinitis in his right shoulder.",1
" Newfound Comet Set for Winter Display (SPACE.com)

 SPACE.com - Donald Machholz of Colfax, \  California, an optician who has been interested in astronomy since age eight, \  discovered nine comets from 1978 through 1994. He has since spent 1,457 hours \  scanning the skies for other comets, without any luck.",2
" Lehmann gives evidence at hearing into Hookes #39; death

 Darren Lehmann gave evidence Monday at the committal hearing of a man charged in the death of former international cricketer David Hookes.",0
" HP developing 'smart rack' to ease data center work

 Company shows off labor-saving data center technology at Palo Alto research lab.",2
" Harmony Grabs Hold of Gold Fields

 HARMONY is set to become the world #39;s biggest gold producing mining company in just four months. This week Harmony moved closer to successfully concluding its hostile bid for rival Gold Fields.",2
" Faster AMD Athlon 64 #39;s On The Way

 Chips such as the Athlon 64 FX and Intel #39;s Pentium 4 Extreme Edition populate the very top of the desktop market, appearing mainly in game machines fitted with the latest graphics cards and high-performance storage systems to render games with the ",2
" DJ to acquire MarketWatch

 Dow Jones  amp; Co., publisher of the Wall Street Journal, says it has agreed to buy online news site MarketWatch Inc. in a \$519 million deal that widens its Internet audience.",2
" Danes find a bridge to love (Chicago Tribune)

 Chicago Tribune - The train is sleek and fast that each night carries Christina Reves away from her country and toward her husband. It races through Denmark's scattered marshes and clicks over a bridge and across the water, stopping 35 minutes later in Sweden.",1
" AMD's Ruiz disappointed by Microsoft's 64-bit delays

 Advanced Micro Devices Inc. (AMD) is disappointed by Microsoft Corp.'s decision to delay the introduction of 64-bit versions of its Windows operating system, but sees no significant impact from the delay on sales of its 64-bit processors, the company's top executive said Thursday.",2
" FEC May Regulate Internet Political Activity

 By SHARON THEIMER     WASHINGTON (AP) -- With political fund raising, campaign advertising and organizing taking place in full swing over the Internet, it may just be a matter of time before the Federal Election Commission joins the action.    Well, that time may be now...",0
" Kidnappers Release Seven Hostages in Iraq

 BAGHDAD, Iraq - Kidnappers released two female Italian aid workers and five other hostages Tuesday, raising hopes for at least 18 foreigners still in captivity. But insurgents showed no sign of easing their blood-soaked campaign against the U.S...",0
" Oil Climbing Back Up After Supply Report

  LONDON (Reuters) - Oil prices rebounded from seven-week  lows on Wednesday as U.S. heating oil stocks fell for an eighth  straight week ahead of winter.",2
" Charlotte Bobcats Pick Up Option on Ely (AP)

 AP - The Charlotte Bobcats picked up the option on center Melvin Ely for the 2005-06 season.",1
" Brockton has its lines down pat

 Brockton reached the postseason by controlling the line of scrimmage and it wasn't about to change its game plan.",1
" Smithfield quarterly profits beat outlook

 SMITHFIELD, Va. Meat processor Smithfield Foods says its income more than doubled in the most recent quarter. The company cites improved profitability in the hog production segment, combined with strong results ",2
" It's October and It's Time for Playoffs!

 Curt Schilling and Pedro Martinez are revved up. Roger Clemens and Roy Oswalt are rarin' to go...",1
" Bentley comes home just ahead of NE-10 crowd

 The Northeast-10 Conference race is entering the final third of the season, and the four teams atop the standings are separated by just a half-game.",1
" Baseball #39;s image getting Creamed

 it #39;s the sport that won #39;t die, no matter what. You can have gamblers, psychotic fans, spouses that blab and players who cork.",1
" Intel and AMD battle for dual-core chips

 Advanced Micro Devices (AMD) showcased its dual-core x86 Opteron microprocessor this week. The upcoming dual-core CPU for the enterprise enviornment is expected to debut in mid-2005 and was housed in a HP ProLiant DL585 server.",2
" Command Failure Seen at Fault in Beslan Massacre

  MOSCOW (Reuters) - Security forces bungled the handling of  Russia's worst hostage drama because nobody was in charge and  special forces were not ready when the shooting started,  security analysts said on Monday.",0
" Nokia pulls out, Sony Ericsson goes in

 STRANGE. THE DAY after Sony Ericsson announces it has done a deal with the Financial Times (FT) to offer content via its portal, Nokia says it is reigning back its own portal, Club Nokia.",2
" Australia #39;s S amp;P/ASX 200 Falls; Origin Declines, Woodside Climbs

 Australia #39;s S amp;P/ASX 200 Index fell for a third day. Origin Energy Ltd. declined after New Zealand #39;s Contact Energy Ltd.",2
" Russia Delays Review of Yukos Subsidiary Licenses

 Russia #39;s Natural Resources Ministry has postponed consideration of whether to suspend the licenses of the main subsidiary of the troubled giant oil firm Yukos.",2
" BAE buys Pentagon contractor

 British defense firm BAE Systems has agreed to pay \$600 million (333.7 million pounds) for DigitalNet Holdings, a maker of secure Pentagon computer networks, the companies say in a weekend statement.",2
" US house sales fall in July

 Sales of non-new houses in the US fell last month but still exceeded analyst forecasts.",2
" Ravens - Bills: Game Notes

 COMPOSED: With Lewis serving the first game of his two-game suspension for violating the NFL substance-abuse policy, Chester Taylor was effective and decisive in his debut.",1
" Ricky Must Pay

 An arbitrator ruled yesterday that tailback Ricky Williams, who retired just before training camp, must repay the Dolphins \$8.6 million.",1
" U.S. Raps Cuba on Its Presence Abroad (AP)

 AP - The State Department is accusing Cuba of training Colombian rebels and says it is troubled by a large presence of Cuban personnel in Venezuela, whose president, Hugo Chavez, is a close ally of Cuban President Fidel Castro.",0
" Israel welcomes Rice nomination; Palestinians wary

 Israel on Tuesday warmly welcomed the naming of Condoleezza Rice as America #39;s top diplomat, but Palestinians were wary, saying the new Bush administration must put more energy into the quest for Middle East peace.",0
" Hurricane Jeanne Takes Aim at Florida

 WEST PALM BEACH, Fla. - Hurricane Jeanne trekked westward Friday on a path that could lead to Florida's east coast by Sunday, setting off another round of storm preparations in a state still reeling from three earlier strikes...",0
" Boston Scientific to Offer Senior Notes

 Medical device maker Boston Scientific Corp. on Monday said it is launching a public offering of two series of its senior notes to repay commercial paper borrowings and for general corporate purposes.",2
" Chinese official moved as Hu consolidates power

 China #39;s Communist Party chief Hu Jintao moved a close political ally out of a problem-plauged province on Monday and analysts say he will make more personnel changes as he continues to consolidate power.",0
" Falcons keep heat on Bulger, RBs

 He #39;s a cool guy, a borderline lunatic, someone who can jam the hell out of a Strat. He #39;s got a temper that #39;s quicker than Michael Vick and spent some time last week talking football ",1
" Al-Sadr Calls on Militia to End Uprising

 BAGHDAD, Iraq - Rebel cleric Muqtada al-Sadr wants his followers to end their uprising against U.S. and Iraqi forces while he considers forming a political movement, senior al-Sadr officials said Monday...",0
" The China Post

 President Chen Shui bian said yesterday he does not expect China to ease its military threat against the island after Chinese President Hu Jintao took over as the country #39;s top military chief.",0
" Newfound Comet Set for Winter Display (SPACE.com)

 SPACE.com - Donald Machholz of Colfax, \  California, an optician who has been interested in astronomy since age eight, \  discovered nine comet from 1978 through 1994. He has since spent 1,457 hours \  scanning the skies for other comets, without any luck.",2
" Anderson makes NHRA history with US Nationals win

 Greg Anderson has so dominated Pro Stock this season that his championship quest has evolved into a pursuit of NHRA history. By Bob Hesser, Racers Edge Photography.",1
" Lost Dreams May Show Stuff Dreams Are Made Of (Reuters)

 Reuters - A stroke that robbed a woman of her\dreams may help pinpoint where and how dreams are born in the\brain, scientists said on Friday.",0
" Cubs, Marlins Split

 The Cubs briefly lead the NL wild-card standings after winning the first game of a doubleheader with the Marlins, but lose the sceond.",1
" Badgers fans hyped about teams undefeated season

 Never in the University of Wisconsin football programs 115-year history have the Badgers been 10-0. That could happen today in East Lansing, Mich.",1
" Things better without Conway?

 PeopleSoft Inc., in the midst of fighting a takeover bid from Oracle Corp., is  quot;in better shape quot; because of the departures of Chief Executive Craig Conway and a senior technology official, a director testified.",2
" Bush Twins Host Pre-Convention Party (AP)

 AP - Barbara and Jenna Bush, the president's 22-year-old twin daughters, arrived like rock 'n' roll stars at a Republican convention party Sunday, complete with red carpet, cameras and paparazzi shouting for a smile.",0
" Australia cruise into semifinals

 London, Sept. 16. (PTI): World Champions Australia sounded a stern warning to their rivals as they thumped New Zealand by seven wickets in a Group A league match and entered the semifinals of the ICC Champions Trophy one-day cricket tournament.",1
" Correction: Spam-Lawsuit Story (AP)

 AP - In an Aug. 29 story about a permanent injunction against a Rhode Island man who sent unsolicited text messages to Verizon Wireless cell phone customers, The Associated Press erroneously reported the date of the federal court action. The injunction was granted Aug. 23, not Aug. 27.",2
" Curacao Rallies to Beat Taiwan 9-8 in LLWS (AP)

 AP - Down four runs with only three outs left, Curacao manager Vernon Isabella thought his team's run for a championship was over. That was until Jonathan Schoop led an unlikely rally.",1
" World ban on human cloning, UK stands up to US pressure

 Great Britains best scientists are standing up to American government pressure to get a worldwide ban on all types of human cloning by backing an international campaign against American efforts.",0
" National union leaders set a timeline for change

 November 11, 2004. WASHINGTON -aced with the impact of labor #39;s political loss on Nov. 2, the AFL-CIO Executive Council decided on Nov. 10 on a timeline for changes in the union movement ",0
" Thaksin vows  #39;iron fist #39; against rebels in south

 BANGKOK Prime Minister Thaksin Shinawatra headed to a Muslim-dominated part of southern Thailand on Sunday after promising to act aggressively against militants and illegal weapons they have used in deadly attacks there.",0
" IBM #8217;s Atlantic tools platform set to sail (InfoWorld)

 InfoWorld - IBM Rational on Wednesday plans to flesh out complete plans for the upcoming IBM Software Development Platform, code-named  #8220;Atlantic. #8221;",2
" Second Andre win in a row boosts US gold medal hopes

 Andre Dirrell, fighting with a tattoo of his grandfather #39;s face on his back, assured the United States of at least two boxing medals Wednesday by narrowly beating Cuba #39;s Yordani Despaigne to advance to the Olympic middleweight semifinals.",1
" Brown Struggles Early, but Yankees End It Fast

 Kevin Brown flirted with danger in the early innings, allowing the Blue Jays to take a 4-0 edge before the Yankees finally solved the Toronto lefthander Ted Lilly.",1
" British hostage killed in Iraq: TV

 The British hostage held in Iraq by a militant group led by al-Qaida ally Abu Musab al-Zarqawi was killed Friday, pan-Arab Abu Dhabi TV reported.",0
